id,username,email,role,first_name,last_name,phone,gender,dob
550e8400-e29b-41d4-a716-446655440000,admin_boss,admin@example.com,admin,Hung,Nguyen,0901234567,Male,1985-05-20
6ba7b810-9dad-11d1-80b4-00c04fd430c8,staff_kane,staff@example.com,staff,Lan,Tran,0907778889,Female,1995-10-10
8d5b16e4-862d-4861-b4d2-79069d239c04,customer_john,john@example.com,customer,John,Doe,0888999000,Male,2000-01-01
96502586-5ddc-4104-8b53-a3cdf3d3a113,user_1,user_1@example.com,customer,UserF_0,UserL_0,0912567105,Unisex,1993-01-20
19ca301a-aa17-4fc7-be5e-bf241dbef804,user_2,user_2@example.com,customer,UserF_1,UserL_1,0912836688,Female,2010-07-20
cc148f48-5031-4b5f-8a97-90a6ba5bcdc6,user_3,user_3@example.com,customer,UserF_2,UserL_2,0912634939,Female,2004-10-09
7518e1d4-59ac-4cfb-8833-373b3823f923,user_4,user_4@example.com,customer,UserF_3,UserL_3,0912495908,Unisex,1994-03-30
9eae117c-2b79-4a3f-ba11-600a83a44b71,user_5,user_5@example.com,customer,UserF_4,UserL_4,0912285807,Female,1995-03-01
796e5228-82be-4626-b3e9-498b7f8836e9,user_6,user_6@example.com,customer,UserF_5,UserL_5,0912425636,Female,2017-01-04
15f4e4f7-f759-49ef-bd96-9a251929bc10,user_7,user_7@example.com,customer,UserF_6,UserL_6,0912839714,Unisex,1994-02-14
a6338adc-3dc6-48f0-9193-cd717df44bd8,user_8,user_8@example.com,customer,UserF_7,UserL_7,0912100451,Unisex,1994-10-12
7bf3a218-ebc8-4ed9-90fc-c3fd9d7476f2,user_9,user_9@example.com,customer,UserF_8,UserL_8,0912791232,Unisex,2015-01-28
fb61fc57-4873-4c71-a83d-a159a1998ded,user_10,user_10@example.com,customer,UserF_9,UserL_9,0912846010,Unisex,2001-05-21
978bf6e1-738f-4ebf-bf72-079bb5bb175b,user_11,user_11@example.com,customer,UserF_10,UserL_10,0912533233,Male,1994-04-03
26cf440c-b1df-4947-ab81-def42d5d52a8,user_12,user_12@example.com,customer,UserF_11,UserL_11,0912414428,Male,1990-05-25
5524d32e-ca1c-4eca-9a64-60a6ab63bb98,user_13,user_13@example.com,customer,UserF_12,UserL_12,0912240334,Male,2002-10-14
b51be3e3-96b7-4182-913f-124c79664224,user_14,user_14@example.com,customer,UserF_13,UserL_13,0912250478,Male,2011-10-12
41ce58a8-3bd2-48fe-a5d9-1eb0271a9ba3,user_15,user_15@example.com,customer,UserF_14,UserL_14,0912217307,Female,2012-10-01
3f875ecd-d594-4c1d-80fe-61b03e6cd3a2,user_16,user_16@example.com,customer,UserF_15,UserL_15,0912477690,Female,1997-01-03
e45ff2d4-7ff2-4ad7-91d7-c383a7e4e9e2,user_17,user_17@example.com,customer,UserF_16,UserL_16,0912649908,Unisex,1999-02-25
3ddbe7ea-ef6b-4be8-8e9b-66d3b8992cbb,user_18,user_18@example.com,customer,UserF_17,UserL_17,0912518184,Female,1991-06-01
d7d4266f-d3f3-4423-b91c-5c8421f07cf4,user_19,user_19@example.com,customer,UserF_18,UserL_18,0912452769,Female,2012-07-30
2215d87c-dcc8-4d75-8a6d-874799d2e6ea,user_20,user_20@example.com,customer,UserF_19,UserL_19,0912925313,Female,1990-08-29
1db622dd-169d-4eff-ab94-b952fb6b9458,user_21,user_21@example.com,customer,UserF_20,UserL_20,0912424424,Female,2010-04-20
40442aa7-c1b5-4908-9f5a-dd75cc537efa,user_22,user_22@example.com,customer,UserF_21,UserL_21,0912593949,Male,1994-01-01
46fe43b7-cc6c-478d-bb36-39c057089b93,user_23,user_23@example.com,customer,UserF_22,UserL_22,0912225502,Male,1999-07-09
51ec9b23-9585-4b85-a9d4-dd4732074ba6,user_24,user_24@example.com,customer,UserF_23,UserL_23,0912674822,Male,2007-01-09
a7d90bf0-95ba-41b9-8453-e804b80abae8,user_25,user_25@example.com,customer,UserF_24,UserL_24,0912100547,Unisex,1991-09-09
1bc257e0-b596-4a5c-9c7d-1efe0631a6de,user_26,user_26@example.com,customer,UserF_25,UserL_25,0912689934,Male,1993-02-27
07d02ae0-2af0-47c4-9dda-03e684156615,user_27,user_27@example.com,customer,UserF_26,UserL_26,0912314403,Unisex,1991-08-04
dacf8e6a-8caa-4f1d-bdeb-671e19aef92b,user_28,user_28@example.com,customer,UserF_27,UserL_27,0912369442,Unisex,1993-02-01
ad1fefe2-330e-40cb-a06c-6c4fd00b30ec,user_29,user_29@example.com,customer,UserF_28,UserL_28,0912945804,Male,2005-05-01
a8b57a1d-5296-4873-9242-da27a55541d9,user_30,user_30@example.com,customer,UserF_29,UserL_29,0912153926,Female,1991-07-18
18433c99-91e8-4b91-b5d9-9e632d25fedd,user_31,user_31@example.com,customer,UserF_30,UserL_30,0912247708,Male,1991-02-25
0a191796-d056-4638-aba8-65c2493f5e52,user_32,user_32@example.com,customer,UserF_31,UserL_31,0912976829,Unisex,1992-06-06
b833832d-b742-4558-9fb3-d6e2f8eadf58,user_33,user_33@example.com,customer,UserF_32,UserL_32,0912920111,Female,2017-02-14
5d339fa8-1858-4e61-8a6f-3833f728301e,user_34,user_34@example.com,customer,UserF_33,UserL_33,0912402356,Female,2005-05-20
ebdfd756-e38d-4ed7-9870-8eb608cff042,user_35,user_35@example.com,customer,UserF_34,UserL_34,0912703151,Unisex,1991-12-01
4e4ade4f-c1e6-4bf4-be64-65ceaa2f2768,user_36,user_36@example.com,customer,UserF_35,UserL_35,0912388704,Unisex,2013-02-26
ba082a2d-bbbd-42ea-bc5a-a381ea54a647,user_37,user_37@example.com,customer,UserF_36,UserL_36,0912798155,Male,1992-06-15
33330d46-841c-4e5a-ab9b-1f28a0dfe904,user_38,user_38@example.com,customer,UserF_37,UserL_37,0912438602,Unisex,1991-12-21
eeb14f1f-947c-4df5-b0f1-4b470868c901,user_39,user_39@example.com,customer,UserF_38,UserL_38,0912273651,Female,1996-08-09
1f78c3f7-5fb3-41f5-b914-6694dfe13767,user_40,user_40@example.com,customer,UserF_39,UserL_39,0912108843,Male,2008-04-28
c3577a78-1748-4e2f-a35f-6e82373e0c4a,user_41,user_41@example.com,customer,UserF_40,UserL_40,0912835495,Male,1997-01-01
c09178b6-b81c-4750-b32e-f382330c8319,user_42,user_42@example.com,customer,UserF_41,UserL_41,0912504213,Male,1994-10-12
8050b025-abf8-4b77-a7e3-5f7e5a883407,user_43,user_43@example.com,customer,UserF_42,UserL_42,0912855356,Female,2002-08-29
acbe4480-aa5a-4f59-9ecd-5c4916e1d8dd,user_44,user_44@example.com,customer,UserF_43,UserL_43,0912579625,Male,2002-11-29
b4b8f2a4-04f1-43a3-893f-b32eeb5077c3,user_45,user_45@example.com,customer,UserF_44,UserL_44,0912525365,Unisex,2015-12-10
672b2fa0-0b61-406c-96c3-dda4e30c3100,user_46,user_46@example.com,customer,UserF_45,UserL_45,0912297773,Female,1999-03-27
29bf1fd9-a178-4dc3-8acb-cc0cc3b11855,user_47,user_47@example.com,customer,UserF_46,UserL_46,0912182509,Male,1990-04-09
3905fa40-9fbd-458d-b001-8cb8451d6083,user_48,user_48@example.com,customer,UserF_47,UserL_47,0912467817,Male,2000-03-31
eed670eb-68ac-42e8-a856-fc7353308b60,user_49,user_49@example.com,customer,UserF_48,UserL_48,0912103279,Male,2011-02-02
99a91e42-2070-4228-9d72-ba8a41c81f65,user_50,user_50@example.com,customer,UserF_49,UserL_49,0912755041,Male,2011-04-20
25138bff-5397-4516-b03a-71f22a92193d,user_51,user_51@example.com,customer,UserF_50,UserL_50,0912294780,Male,1998-06-06
853f04c7-9661-4057-8fc4-3d8fc71c7dfa,user_52,user_52@example.com,customer,UserF_51,UserL_51,0912693861,Female,1992-12-04
c431b200-1d39-492c-8ee4-2445d9ed4573,user_53,user_53@example.com,customer,UserF_52,UserL_52,0912765551,Unisex,1998-02-07
77cf4349-147e-412c-a7c4-828c9c4fc025,user_54,user_54@example.com,customer,UserF_53,UserL_53,0912859954,Unisex,1998-05-06
d573e602-aa50-4b18-9085-09bce7a22738,user_55,user_55@example.com,customer,UserF_54,UserL_54,0912781909,Male,2007-07-03
32c8454d-b4aa-481d-bc5b-078424dcb038,user_56,user_56@example.com,customer,UserF_55,UserL_55,0912295957,Unisex,2017-05-07
bd5850d9-9e20-431d-9f5a-32300fc15622,user_57,user_57@example.com,customer,UserF_56,UserL_56,0912958591,Female,2014-01-11
049e3478-fe28-4539-a4aa-5ed40af633cc,user_58,user_58@example.com,customer,UserF_57,UserL_57,0912749269,Unisex,2001-02-05
24d562e6-8ef5-435b-9e06-78440d10776f,user_59,user_59@example.com,customer,UserF_58,UserL_58,0912793623,Male,1991-11-01
1d58a130-6b18-4e61-a571-d8956e9166f5,user_60,user_60@example.com,customer,UserF_59,UserL_59,0912147460,Male,1993-05-12
443e11f0-fcdb-4e2a-b187-19606a9f222e,user_61,user_61@example.com,customer,UserF_60,UserL_60,0912232702,Female,2010-05-29
511c8997-b803-4b53-ba1d-fb4477bc73be,user_62,user_62@example.com,customer,UserF_61,UserL_61,0912893340,Unisex,2015-06-05
283c15b1-bff9-4ddf-bd1e-84d78c616f8f,user_63,user_63@example.com,customer,UserF_62,UserL_62,0912865488,Male,2009-10-10
18a68736-07cf-4323-8de3-b52e12d5c2af,user_64,user_64@example.com,customer,UserF_63,UserL_63,0912316372,Unisex,2008-06-28
53d35495-4751-4d69-8563-f0d920734985,user_65,user_65@example.com,customer,UserF_64,UserL_64,0912788371,Unisex,1997-04-25
2451ec1a-4da4-4d93-b7da-d1cd43bc60ac,user_66,user_66@example.com,customer,UserF_65,UserL_65,0912196622,Unisex,2016-03-09
a8e51c98-2893-4df9-a89d-bc4f0b96d424,user_67,user_67@example.com,customer,UserF_66,UserL_66,0912915686,Female,2004-10-21
791525b0-fe1a-4b13-a2ec-ba52b3d2e215,user_68,user_68@example.com,customer,UserF_67,UserL_67,0912649207,Male,2013-08-06
541a9b97-849a-47fb-a93e-763244cc4c36,user_69,user_69@example.com,customer,UserF_68,UserL_68,0912829930,Male,1993-10-09
acabbe0b-e834-4eed-8320-41d367fb739f,user_70,user_70@example.com,customer,UserF_69,UserL_69,0912102383,Unisex,2005-03-15
fed3733b-7574-421d-981e-cf0fe4d05bf7,user_71,user_71@example.com,customer,UserF_70,UserL_70,0912250573,Female,1992-02-12
38285e67-d27b-4633-8ee3-142c4fe152ee,user_72,user_72@example.com,customer,UserF_71,UserL_71,0912927049,Female,1997-03-03
dfa81a68-7ebd-495b-8cb8-abe38010c7af,user_73,user_73@example.com,customer,UserF_72,UserL_72,0912502928,Male,2013-11-16
c92f7412-8f61-4bb9-a5f6-8a6124921160,user_74,user_74@example.com,customer,UserF_73,UserL_73,0912379185,Female,1999-12-28
da66942e-066e-41e2-a154-d7c24cbd8a13,user_75,user_75@example.com,customer,UserF_74,UserL_74,0912988620,Female,2015-11-05
a75d6e27-079c-44c3-b773-bc1de416ca0f,user_76,user_76@example.com,customer,UserF_75,UserL_75,0912349364,Female,2011-09-20
5543053c-b805-4973-9b60-05b8365e6820,user_77,user_77@example.com,customer,UserF_76,UserL_76,0912711541,Male,2005-12-02
9615f7e3-f9b9-45b9-a855-e6b83a1fe831,user_78,user_78@example.com,customer,UserF_77,UserL_77,0912163293,Male,2012-03-11
b1f2398f-9ddd-4bcb-a46a-d6ccab18c8d8,user_79,user_79@example.com,customer,UserF_78,UserL_78,0912332396,Female,2012-01-07
b5657502-9c59-4c38-a094-84887fce053c,user_80,user_80@example.com,customer,UserF_79,UserL_79,0912729605,Male,2003-03-02
ee729e00-1dbd-436e-bd60-8df306f51d00,user_81,user_81@example.com,customer,UserF_80,UserL_80,0912539392,Male,1998-09-30
1e0d9065-3013-4a2f-90fc-ced5e53f16c0,user_82,user_82@example.com,customer,UserF_81,UserL_81,0912937456,Unisex,2006-08-22
cda8d87c-5811-4058-ba45-e62bbf3b3d53,user_83,user_83@example.com,customer,UserF_82,UserL_82,0912817575,Female,2009-02-13
5a1a76d9-efba-4d41-9f7a-eff52dd85843,user_84,user_84@example.com,customer,UserF_83,UserL_83,0912765789,Unisex,2003-12-03
3d66b916-fb71-4d5a-980f-1f1dc83855e9,user_85,user_85@example.com,customer,UserF_84,UserL_84,0912393158,Female,2003-03-26
fdcb1b70-c172-45e6-8c84-28083907408a,user_86,user_86@example.com,customer,UserF_85,UserL_85,0912770357,Unisex,2001-07-14
3ded4538-21a2-4b7a-91d5-312a6b5748c0,user_87,user_87@example.com,customer,UserF_86,UserL_86,0912729107,Unisex,1996-08-19
80a92137-3acf-42f0-84ea-80dcec4fa1af,user_88,user_88@example.com,customer,UserF_87,UserL_87,0912659888,Unisex,2009-05-25
6a558daa-afce-4d2b-824a-0f669bfde617,user_89,user_89@example.com,customer,UserF_88,UserL_88,0912770716,Unisex,1994-07-04
f48774c8-2a66-48bd-8816-383d15c8df66,user_90,user_90@example.com,customer,UserF_89,UserL_89,0912533132,Unisex,2007-08-12
a77bb49c-aec1-4c3b-be51-8fd2d3a8f298,user_91,user_91@example.com,customer,UserF_90,UserL_90,0912919709,Unisex,2016-01-27
3c6ecdb4-01fd-4874-a0dc-7a6bfdec5e00,user_92,user_92@example.com,customer,UserF_91,UserL_91,0912730927,Female,1999-09-07
69ccb059-f5c0-46aa-8698-7b91b42f4f65,user_93,user_93@example.com,customer,UserF_92,UserL_92,0912686587,Unisex,2002-02-20
005ea842-3ac8-4153-afab-05e97a9fab21,user_94,user_94@example.com,customer,UserF_93,UserL_93,0912313636,Female,2016-01-27
026dcbb0-a93d-4396-8623-44e556cb7aaa,user_95,user_95@example.com,customer,UserF_94,UserL_94,0912691949,Female,2000-05-20
d6a4ee23-457f-4607-8d78-2dd927998bda,user_96,user_96@example.com,customer,UserF_95,UserL_95,0912495473,Unisex,1992-01-20
08bba984-adc7-44a6-86f3-db5c963ad95d,user_97,user_97@example.com,customer,UserF_96,UserL_96,0912928724,Female,1996-11-13
307a6c68-e1e4-442b-8045-51988d4a5fa7,user_98,user_98@example.com,customer,UserF_97,UserL_97,0912547901,Female,1999-06-13
f827b07c-9264-49c8-a263-077d9d25a833,user_99,user_99@example.com,customer,UserF_98,UserL_98,0912543958,Female,2010-06-16
6d0c0c7a-6638-4e03-9fb7-a7c4b266f962,user_100,user_100@example.com,customer,UserF_99,UserL_99,0912101182,Male,1999-01-08
f25a0a92-858a-41c9-b2df-cd5411c02dce,user_101,user_101@example.com,customer,UserF_100,UserL_100,0912803419,Unisex,2010-02-07
4f10431c-051b-4803-b1ec-cb3cd0efe719,user_102,user_102@example.com,customer,UserF_101,UserL_101,0912746385,Unisex,2011-01-13
4823a5ad-6c57-44e1-8155-e9b784c2bc1c,user_103,user_103@example.com,customer,UserF_102,UserL_102,0912384519,Unisex,2001-02-20
c366dd2a-e40b-4b77-96b3-6024d535c9fa,user_104,user_104@example.com,customer,UserF_103,UserL_103,0912726986,Unisex,2001-09-30
a15e6989-f6f8-449c-a9aa-e8e0fb395714,user_105,user_105@example.com,customer,UserF_104,UserL_104,0912590079,Unisex,1996-06-29
e9129dd4-d52f-4169-a8e4-36f45d0feb5c,user_106,user_106@example.com,customer,UserF_105,UserL_105,0912739009,Unisex,2004-01-05
15b18a99-e1b5-44aa-82d4-f9fa46bcfcf6,user_107,user_107@example.com,customer,UserF_106,UserL_106,0912835234,Unisex,1997-06-11
2b76441b-0e09-4acd-a5df-47a9ef2a0c94,user_108,user_108@example.com,customer,UserF_107,UserL_107,0912319809,Unisex,2015-01-06
775c21bb-914e-4186-96c9-a26d4ac02449,user_109,user_109@example.com,customer,UserF_108,UserL_108,0912244719,Female,2005-04-27
b30c3d5c-050e-48fc-845b-2f8ea56285be,user_110,user_110@example.com,customer,UserF_109,UserL_109,0912622785,Female,1991-03-05
03314220-781c-4b48-8491-e560f839fab0,user_111,user_111@example.com,customer,UserF_110,UserL_110,0912639384,Female,2004-05-17
f89ee3c5-ec8b-44ba-b31b-c45a80089c11,user_112,user_112@example.com,customer,UserF_111,UserL_111,0912908751,Male,2011-04-06
8957af4b-7368-4281-9531-706b8600d811,user_113,user_113@example.com,customer,UserF_112,UserL_112,0912940814,Male,2016-01-18
1d8117ae-cbb8-4330-a9ab-7713ee7d88f0,user_114,user_114@example.com,customer,UserF_113,UserL_113,0912782707,Male,2017-04-03
9e7dd21b-fb49-4e08-9e2d-32e3c785fdee,user_115,user_115@example.com,customer,UserF_114,UserL_114,0912314519,Unisex,2009-11-09
fc49c52b-b42a-4d55-af10-ab47aafb22b9,user_116,user_116@example.com,customer,UserF_115,UserL_115,0912791379,Unisex,2016-09-28
55aba2d2-54eb-4a3d-8256-a8e346da2c86,user_117,user_117@example.com,customer,UserF_116,UserL_116,0912119176,Male,1990-05-26
8ffe89fa-2565-4488-af28-acba2e871655,user_118,user_118@example.com,customer,UserF_117,UserL_117,0912275531,Male,1993-06-01
ceabc87b-2300-4ac2-9043-19da27f61cb4,user_119,user_119@example.com,customer,UserF_118,UserL_118,0912126625,Male,2004-01-21
dbeebc62-444a-4f7c-bfb2-ff4ab7b9c091,user_120,user_120@example.com,customer,UserF_119,UserL_119,0912540620,Female,2007-02-13
26ee39c4-11f0-4f7a-8e7a-9137e8e67633,user_121,user_121@example.com,customer,UserF_120,UserL_120,0912278702,Male,1996-04-10
b45df982-6668-43d5-91fd-e4bc369b227f,user_122,user_122@example.com,customer,UserF_121,UserL_121,0912937006,Female,2004-12-03
04784d8d-8375-4b1c-b708-ba931791c710,user_123,user_123@example.com,customer,UserF_122,UserL_122,0912268160,Female,2000-07-21
c7a351cb-f7a3-4ac7-8da3-aac487f350ec,user_124,user_124@example.com,customer,UserF_123,UserL_123,0912362474,Male,1999-09-24
f529d477-7c79-4160-b408-9167d1a0aeaf,user_125,user_125@example.com,customer,UserF_124,UserL_124,0912825183,Unisex,2000-09-29
394afdc5-f57e-4e10-b2da-3a3257f08f39,user_126,user_126@example.com,customer,UserF_125,UserL_125,0912520548,Unisex,2002-01-26
7a538bd0-5355-4d89-a074-c7ef20165d9d,user_127,user_127@example.com,customer,UserF_126,UserL_126,0912957124,Male,2013-09-08
b7ceb7c5-6a45-4784-bc5c-9de1b7d749f2,user_128,user_128@example.com,customer,UserF_127,UserL_127,0912661566,Male,1999-01-23
6ae4d3ef-d32d-49a2-8d53-3df54a3c188b,user_129,user_129@example.com,customer,UserF_128,UserL_128,0912508382,Male,2009-11-06
1972b631-15df-4724-887c-4e2fa16e862d,user_130,user_130@example.com,customer,UserF_129,UserL_129,0912644641,Male,1990-07-10
81b2c219-c85f-4a5a-937e-36ee804d9cdd,user_131,user_131@example.com,customer,UserF_130,UserL_130,0912204484,Female,2016-07-25
cfaff473-593d-43b7-afcd-3dd8a24b1142,user_132,user_132@example.com,customer,UserF_131,UserL_131,0912854135,Male,1997-09-14
9f5882a3-88b3-4134-ba91-abc74aea1a5c,user_133,user_133@example.com,customer,UserF_132,UserL_132,0912323264,Unisex,1999-12-05
a52d978c-ed3e-4969-9d2e-6416301f21aa,user_134,user_134@example.com,customer,UserF_133,UserL_133,0912161016,Male,1992-04-30
b8a346d8-cca3-4dab-af8e-c28332137f32,user_135,user_135@example.com,customer,UserF_134,UserL_134,0912412021,Female,1990-06-26
c2dfbdc0-666a-4fcd-8891-b37f924ac582,user_136,user_136@example.com,customer,UserF_135,UserL_135,0912300743,Female,1992-08-13
a87276ac-de02-4ead-94c5-5c5cc9afb879,user_137,user_137@example.com,customer,UserF_136,UserL_136,0912175213,Unisex,2001-07-06
26c02f8f-3a97-435b-9905-ac3fdac10757,user_138,user_138@example.com,customer,UserF_137,UserL_137,0912881013,Male,2010-10-24
e2def0e1-945c-4895-808f-a83ee4b905e2,user_139,user_139@example.com,customer,UserF_138,UserL_138,0912350339,Male,1996-05-20
d0cb8b52-1e17-481c-9a68-5b315620a014,user_140,user_140@example.com,customer,UserF_139,UserL_139,0912760031,Female,1999-07-03
b0fe1468-185d-4f34-a810-1020c9576c11,user_141,user_141@example.com,customer,UserF_140,UserL_140,0912234182,Male,1991-04-01
a284d366-c1a6-484a-864d-3101ead89556,user_142,user_142@example.com,customer,UserF_141,UserL_141,0912853696,Male,2010-04-06
1ceb82b3-b947-4948-b11b-95fdd32591dd,user_143,user_143@example.com,customer,UserF_142,UserL_142,0912859841,Male,2014-01-29
5e9dd59a-939d-4765-af1c-a44bd7124765,user_144,user_144@example.com,customer,UserF_143,UserL_143,0912117318,Unisex,2016-10-23
163f25d1-b7cf-4fff-abc9-0d25d052bf65,user_145,user_145@example.com,customer,UserF_144,UserL_144,0912942922,Male,1992-08-02
69b31c17-414c-4fd3-aba0-f7f86de013a2,user_146,user_146@example.com,customer,UserF_145,UserL_145,0912302023,Male,2012-03-26
56ba1d34-9a78-4880-951b-fa51bbcbd1a5,user_147,user_147@example.com,customer,UserF_146,UserL_146,0912461296,Unisex,1998-12-18
bd16ebff-6193-4855-baea-a4c173931822,user_148,user_148@example.com,customer,UserF_147,UserL_147,0912553300,Male,2000-06-26
a18eb364-70a9-42b7-b767-daa87d9d9024,user_149,user_149@example.com,customer,UserF_148,UserL_148,0912760824,Female,2004-12-03
a4697e1e-5fa5-4c51-9d53-432e6d7a8d80,user_150,user_150@example.com,customer,UserF_149,UserL_149,0912924736,Female,1991-10-15
e1f02283-c304-4ed2-aec2-02c1cf7ee5b3,user_151,user_151@example.com,customer,UserF_150,UserL_150,0912357029,Male,2010-09-20
169a2ee4-cc50-4597-9b9c-9aa92376f473,user_152,user_152@example.com,customer,UserF_151,UserL_151,0912309139,Male,2006-08-01
a07fc2e1-588b-4101-a6e0-5f0bbf4bd3a7,user_153,user_153@example.com,customer,UserF_152,UserL_152,0912330191,Male,2007-03-23
9aa2cf47-099a-4948-94f2-32990a34c88b,user_154,user_154@example.com,customer,UserF_153,UserL_153,0912186062,Male,2014-07-25
56b0cb8f-edb3-41b0-ba12-fa7093363eb8,user_155,user_155@example.com,customer,UserF_154,UserL_154,0912388897,Male,2003-05-22
c42e16b8-16d3-4a5c-a027-04ce728f9508,user_156,user_156@example.com,customer,UserF_155,UserL_155,0912882108,Female,2017-04-11
2f12de30-acbe-4bb0-a414-62f16dbdab04,user_157,user_157@example.com,customer,UserF_156,UserL_156,0912737834,Female,1991-02-18
a45fae33-28dd-4de4-8e24-4890e28f8f36,user_158,user_158@example.com,customer,UserF_157,UserL_157,0912817721,Unisex,1992-05-16
f376bf02-d784-468d-8652-fc782aab2e0e,user_159,user_159@example.com,customer,UserF_158,UserL_158,0912957488,Unisex,2007-11-12
af3c1451-6f3d-4162-a188-197aac3d4f81,user_160,user_160@example.com,customer,UserF_159,UserL_159,0912573024,Male,2008-12-30
2d02d01d-f80e-4bb1-a7ba-a1e8a48caa7a,user_161,user_161@example.com,customer,UserF_160,UserL_160,0912149188,Male,2005-05-06
395ec2af-a538-44f3-b08c-d4362919552a,user_162,user_162@example.com,customer,UserF_161,UserL_161,0912444383,Female,2016-02-15
5c4f048a-e132-43d3-b217-0c220e37e810,user_163,user_163@example.com,customer,UserF_162,UserL_162,0912616949,Female,2002-02-09
8ba94ccf-06b5-4b26-9e07-92437e33d210,user_164,user_164@example.com,customer,UserF_163,UserL_163,0912759463,Unisex,2006-08-16
8c15f762-2874-4449-8dde-10b39c4dbc4a,user_165,user_165@example.com,customer,UserF_164,UserL_164,0912264550,Female,2000-09-26
149dcc9f-f518-4b92-8da4-e612a44c4eba,user_166,user_166@example.com,customer,UserF_165,UserL_165,0912809789,Male,2006-12-05
f314c3bb-de2b-4342-afbd-c66f44e8809a,user_167,user_167@example.com,customer,UserF_166,UserL_166,0912713106,Male,2015-12-13
87449b4f-743e-414d-b2e7-c227eb0bf03d,user_168,user_168@example.com,customer,UserF_167,UserL_167,0912325818,Male,2015-01-27
2958d9d2-c0ee-485c-8f9f-3a4d699d66a0,user_169,user_169@example.com,customer,UserF_168,UserL_168,0912564177,Male,2015-07-21
d94b462f-bc17-4533-8a93-d01cd33e4765,user_170,user_170@example.com,customer,UserF_169,UserL_169,0912878578,Unisex,2006-11-18
f023a9f7-7260-49ad-8214-1e1d1085030e,user_171,user_171@example.com,customer,UserF_170,UserL_170,0912838748,Male,1996-08-10
180f5469-d779-4ade-af4f-dbb032f7f272,user_172,user_172@example.com,customer,UserF_171,UserL_171,0912264649,Male,1992-06-14
353d55a7-bf41-457f-a431-27096588f6f6,user_173,user_173@example.com,customer,UserF_172,UserL_172,0912362657,Female,1991-03-01
9c496a19-1d3e-4a22-92de-ab3411076df0,user_174,user_174@example.com,customer,UserF_173,UserL_173,0912160813,Male,1995-12-17
2e021a2b-aeb5-40ec-a75e-7fa6c239bcad,user_175,user_175@example.com,customer,UserF_174,UserL_174,0912214749,Female,1998-01-28
6f8008c0-474d-40cf-b31c-289cc2bba1a3,user_176,user_176@example.com,customer,UserF_175,UserL_175,0912614773,Male,1996-03-13
ad04c1ed-0fac-4fe1-a055-4063b29f7910,user_177,user_177@example.com,customer,UserF_176,UserL_176,0912172132,Unisex,2012-01-12
bcf1fffc-b11d-4432-a7e8-5155180720f9,user_178,user_178@example.com,customer,UserF_177,UserL_177,0912875334,Unisex,1994-06-22
27d80440-4111-4a51-aa82-66b7779146d0,user_179,user_179@example.com,customer,UserF_178,UserL_178,0912430760,Male,2007-02-17
1d076aa6-943b-4390-8d3d-679b4c841029,user_180,user_180@example.com,customer,UserF_179,UserL_179,0912864936,Female,2002-05-12
fbc61427-01cf-4dd1-b326-bafbfdb33bcc,user_181,user_181@example.com,customer,UserF_180,UserL_180,0912151403,Unisex,2012-10-13
961ca7db-d51f-4f71-819f-83ea3cc750bf,user_182,user_182@example.com,customer,UserF_181,UserL_181,0912591162,Female,1999-11-17
d85214bf-d103-4b26-a33e-dbc0b77f4aa3,user_183,user_183@example.com,customer,UserF_182,UserL_182,0912638356,Male,1997-03-05
bab4cbd4-7f5e-4ea7-b939-0b0c9a2025fb,user_184,user_184@example.com,customer,UserF_183,UserL_183,0912456161,Male,1990-10-09
87260e9a-aa62-4c05-9fc6-5d3376d7d9f2,user_185,user_185@example.com,customer,UserF_184,UserL_184,0912245332,Female,1998-11-30
30ad3644-8d61-412d-8f65-19f01d134b83,user_186,user_186@example.com,customer,UserF_185,UserL_185,0912678402,Female,2005-03-05
2540f714-a8e1-4cc8-8ff1-3c12ceb67fce,user_187,user_187@example.com,customer,UserF_186,UserL_186,0912105246,Female,2002-06-06
f571fe00-a0b3-4739-8f7c-6f24bede9f2f,user_188,user_188@example.com,customer,UserF_187,UserL_187,0912539234,Female,1996-07-29
6510b75b-12b6-4ad5-8d62-7e61f1274012,user_189,user_189@example.com,customer,UserF_188,UserL_188,0912779288,Unisex,2001-11-10
0a4b3dde-0ef1-4d0b-9d43-13910b8fc4ed,user_190,user_190@example.com,customer,UserF_189,UserL_189,0912354071,Female,2009-06-18
b06b9c16-63dc-459f-ac63-c8361babfcc8,user_191,user_191@example.com,customer,UserF_190,UserL_190,0912961276,Female,2011-03-15
bd5e79ae-9164-41a0-bac4-964b77678560,user_192,user_192@example.com,customer,UserF_191,UserL_191,0912606659,Unisex,1998-11-15
3be44664-954c-4cd7-b616-3c22507bf5ae,user_193,user_193@example.com,customer,UserF_192,UserL_192,0912258117,Male,1992-09-10
ae149d0b-3e3c-43de-8c5c-f53bc7077cc3,user_194,user_194@example.com,customer,UserF_193,UserL_193,0912172019,Unisex,1993-08-14
94a34fda-e628-45cf-ab12-86481ca72e8d,user_195,user_195@example.com,customer,UserF_194,UserL_194,0912477289,Female,1992-05-07
6ec8ff85-5c0d-4e9d-92c7-4beed031a52f,user_196,user_196@example.com,customer,UserF_195,UserL_195,0912871936,Male,2004-07-24
b8a9d9a9-d4e9-4910-bc07-768b261679c7,user_197,user_197@example.com,customer,UserF_196,UserL_196,0912750368,Unisex,2012-04-01
7a2f0964-7189-4e7e-8c1e-6ba2c0ab8a60,user_198,user_198@example.com,customer,UserF_197,UserL_197,0912911052,Unisex,1993-03-21
631b774b-8452-47b2-92e8-bd3e4d6c6d34,user_199,user_199@example.com,customer,UserF_198,UserL_198,0912827829,Unisex,2016-04-20
828c7024-8edf-4295-ae25-1cae93519c67,user_200,user_200@example.com,customer,UserF_199,UserL_199,0912226260,Unisex,2003-02-02
24bf7192-f98b-4896-9ff9-46db5e87b873,user_201,user_201@example.com,customer,UserF_200,UserL_200,0912160466,Male,2002-12-30
119fe237-da4d-427f-aec1-fa3ddddfc79d,user_202,user_202@example.com,customer,UserF_201,UserL_201,0912560827,Unisex,1990-11-10
95e39d00-5dda-4a20-b3b9-64f359caac89,user_203,user_203@example.com,customer,UserF_202,UserL_202,0912382145,Female,1995-02-05
df1f21e9-60e4-43e6-b67d-0e4eca0c413d,user_204,user_204@example.com,customer,UserF_203,UserL_203,0912605161,Female,2011-01-10
ee23e594-5eb8-41d3-861e-e446f5e72ace,user_205,user_205@example.com,customer,UserF_204,UserL_204,0912356574,Unisex,2010-02-10
710e4b23-3a5c-4815-acf7-625f4d5afeae,user_206,user_206@example.com,customer,UserF_205,UserL_205,0912586254,Male,2014-05-01
e2466d9b-f3dc-48f9-ace5-cb04d34dc7aa,user_207,user_207@example.com,customer,UserF_206,UserL_206,0912216874,Male,1990-07-07
71f0a5de-1be6-4e38-8bbd-86554874b624,user_208,user_208@example.com,customer,UserF_207,UserL_207,0912366509,Male,1998-06-03
753b225f-fb59-4f7e-bd33-9b0e23bd5f6a,user_209,user_209@example.com,customer,UserF_208,UserL_208,0912688552,Unisex,2007-12-31
26359d35-a795-46c7-8424-7a387e4120b6,user_210,user_210@example.com,customer,UserF_209,UserL_209,0912234438,Male,1998-05-02
b5a0f7a5-ddd2-4342-98c8-d8ef2135e5b3,user_211,user_211@example.com,customer,UserF_210,UserL_210,0912872915,Male,2012-06-20
8f07333c-b8a8-4ce2-a892-e11e60d44451,user_212,user_212@example.com,customer,UserF_211,UserL_211,0912888749,Unisex,2008-08-02
d3c90880-0de1-455e-97b2-b7f8b4cfb5dc,user_213,user_213@example.com,customer,UserF_212,UserL_212,0912661946,Female,2001-05-08
acb38657-3a77-4668-acca-974b03714b64,user_214,user_214@example.com,customer,UserF_213,UserL_213,0912531607,Female,2000-01-24
0e970053-d4dc-4d39-8b1e-77bc67f2c119,user_215,user_215@example.com,customer,UserF_214,UserL_214,0912666192,Male,1992-07-19
14bedb4d-634e-4ef9-af75-37432f25b1d4,user_216,user_216@example.com,customer,UserF_215,UserL_215,0912221762,Female,2015-01-24
c520e61e-a5a3-47bb-86ce-174e58e09e2b,user_217,user_217@example.com,customer,UserF_216,UserL_216,0912913157,Male,2016-02-04
bd17cab7-f7ff-44cc-9787-d7c4ff22dd28,user_218,user_218@example.com,customer,UserF_217,UserL_217,0912233209,Female,2004-02-05
210b0868-2617-41b7-892b-0e6fb1a235cb,user_219,user_219@example.com,customer,UserF_218,UserL_218,0912717583,Male,1996-10-06
587701e6-a6af-46c6-80ad-d4d972e0ac7f,user_220,user_220@example.com,customer,UserF_219,UserL_219,0912352628,Female,1990-12-11
9dd6ecee-607b-4cd1-83fe-201c06251a53,user_221,user_221@example.com,customer,UserF_220,UserL_220,0912527878,Unisex,2001-12-07
a92c3068-537b-4117-9ff8-c422fb442f86,user_222,user_222@example.com,customer,UserF_221,UserL_221,0912797530,Female,1990-11-14
4a00eedb-bbad-45a5-b1cd-3b904dad0033,user_223,user_223@example.com,customer,UserF_222,UserL_222,0912757503,Male,2012-06-25
77a3e72d-d8ad-46a8-9092-6dcb739ddff8,user_224,user_224@example.com,customer,UserF_223,UserL_223,0912456031,Male,2008-07-07
2a06c034-96f0-4aca-8039-3a2523148a83,user_225,user_225@example.com,customer,UserF_224,UserL_224,0912638665,Female,1994-07-07
be753abd-7498-4ee3-be5e-ae30ddbc5627,user_226,user_226@example.com,customer,UserF_225,UserL_225,0912284814,Female,1992-11-19
82aaa873-b98c-4f8d-a25f-e3baa25f7800,user_227,user_227@example.com,customer,UserF_226,UserL_226,0912600823,Female,2003-02-03
c3a40056-33d0-4692-8ff2-672c6af39bf9,user_228,user_228@example.com,customer,UserF_227,UserL_227,0912199230,Female,2006-09-26
09ebac67-0089-4fd2-9dfa-74e9152f83b8,user_229,user_229@example.com,customer,UserF_228,UserL_228,0912163156,Male,1997-07-05
9bebc0d7-6156-44ce-ab22-0e99206ef577,user_230,user_230@example.com,customer,UserF_229,UserL_229,0912679187,Unisex,2002-08-24
bae60909-acad-4e60-a2d1-2a9c24306c7c,user_231,user_231@example.com,customer,UserF_230,UserL_230,0912545791,Male,1992-04-06
5c0ac007-78f3-4bee-971c-96cd2eb6ce26,user_232,user_232@example.com,customer,UserF_231,UserL_231,0912179569,Male,2003-04-06
90405cdf-3d8b-4040-a8e0-e7af7415a4b8,user_233,user_233@example.com,customer,UserF_232,UserL_232,0912683127,Unisex,1996-09-22
67002f5a-c1cf-4997-8390-227cfce83595,user_234,user_234@example.com,customer,UserF_233,UserL_233,0912482857,Male,2009-03-25
635097d6-647b-4f94-b1c4-4fcfc9c6fab9,user_235,user_235@example.com,customer,UserF_234,UserL_234,0912422468,Unisex,2015-08-25
55aaeb23-476e-4b23-ab08-96b78290bc2b,user_236,user_236@example.com,customer,UserF_235,UserL_235,0912882840,Male,2015-02-13
5cceed4f-b502-4d13-8860-116eab2866f7,user_237,user_237@example.com,customer,UserF_236,UserL_236,0912931953,Female,2016-10-28
bbf2a003-7738-4f93-8b6b-6bf827b74331,user_238,user_238@example.com,customer,UserF_237,UserL_237,0912357616,Unisex,2008-06-27
8446a523-3214-499e-a8e6-6292d28b1b86,user_239,user_239@example.com,customer,UserF_238,UserL_238,0912584243,Unisex,1990-12-08
41e40569-bee6-4d89-adf7-af063aee6902,user_240,user_240@example.com,customer,UserF_239,UserL_239,0912335533,Female,2006-09-12
be968523-a84f-4f47-a9c6-7b4fdfdf7564,user_241,user_241@example.com,customer,UserF_240,UserL_240,0912223468,Female,1999-01-30
41c1deeb-bea9-4bef-bf03-0fd4736a955e,user_242,user_242@example.com,customer,UserF_241,UserL_241,0912873745,Female,2016-06-05
5c10ad91-6162-4db1-92ed-9d8cc9a97205,user_243,user_243@example.com,customer,UserF_242,UserL_242,0912837003,Female,2003-02-16
37ab45f1-7dbf-497c-865d-3e466328af25,user_244,user_244@example.com,customer,UserF_243,UserL_243,0912488048,Male,2002-06-14
78fb8af7-a0f5-423d-8fc9-f3d33f13372e,user_245,user_245@example.com,customer,UserF_244,UserL_244,0912472661,Unisex,2004-08-27
79e454b5-63b7-4170-8e8c-5882ca557c77,user_246,user_246@example.com,customer,UserF_245,UserL_245,0912828569,Male,2011-04-02
0e66efa3-7f2b-481e-8707-57da7348b148,user_247,user_247@example.com,customer,UserF_246,UserL_246,0912232634,Male,1997-04-16
9147a404-2680-4fd9-b995-5f574c53461f,user_248,user_248@example.com,customer,UserF_247,UserL_247,0912994175,Unisex,2010-05-14
755894c5-0b5f-430f-bc15-956411e342bc,user_249,user_249@example.com,customer,UserF_248,UserL_248,0912104858,Unisex,2005-09-15
6324ed2e-d10a-4400-9089-b2d8c12b2b9e,user_250,user_250@example.com,customer,UserF_249,UserL_249,0912393350,Male,2002-11-19
afe5c195-22ed-4b72-a088-5b465a512db5,user_251,user_251@example.com,customer,UserF_250,UserL_250,0912158148,Unisex,2004-03-16
38783a74-8c4d-48a6-adc0-5f07dfc92f46,user_252,user_252@example.com,customer,UserF_251,UserL_251,0912869687,Male,2011-09-10
9393cd33-0c94-4e9f-ac59-48b7eed87c61,user_253,user_253@example.com,customer,UserF_252,UserL_252,0912313875,Unisex,1998-01-02
a3d0d76c-411a-4a31-a0a5-892efbaef28c,user_254,user_254@example.com,customer,UserF_253,UserL_253,0912861355,Female,2010-02-25
0541e216-2e74-4a86-950d-36fdca599a06,user_255,user_255@example.com,customer,UserF_254,UserL_254,0912674296,Unisex,1995-05-09
caa86e70-b7ca-49b8-9d97-059dbbe258e2,user_256,user_256@example.com,customer,UserF_255,UserL_255,0912764937,Female,2004-04-10
c577a0b0-1a6a-44f2-9551-8aaaebeb2072,user_257,user_257@example.com,customer,UserF_256,UserL_256,0912923622,Female,2005-09-15
86dab5ff-f628-41a8-a298-d457b299a76d,user_258,user_258@example.com,customer,UserF_257,UserL_257,0912875112,Female,2012-08-30
680b4853-912f-440e-a4e9-82d20d30b600,user_259,user_259@example.com,customer,UserF_258,UserL_258,0912378128,Unisex,2003-02-28
63993345-fc46-412e-8568-0fe1c6a0e989,user_260,user_260@example.com,customer,UserF_259,UserL_259,0912642066,Female,2008-02-05
b887bc11-932c-4e6b-a280-485bba0a6afd,user_261,user_261@example.com,customer,UserF_260,UserL_260,0912452894,Female,2007-11-20
b4df979a-6acb-402f-9ef3-41a8d100d060,user_262,user_262@example.com,customer,UserF_261,UserL_261,0912860571,Female,1990-05-19
691c304e-917b-401b-a828-ade88744daff,user_263,user_263@example.com,customer,UserF_262,UserL_262,0912533482,Female,2014-10-30
0af99e96-fa97-44fc-b108-9b5e6e490c74,user_264,user_264@example.com,customer,UserF_263,UserL_263,0912186081,Female,1993-06-17
7fc98588-fc4d-4368-855c-97afd3d7dcb2,user_265,user_265@example.com,customer,UserF_264,UserL_264,0912395013,Unisex,2013-05-11
d828080c-fec5-4935-8fea-ad6659f218eb,user_266,user_266@example.com,customer,UserF_265,UserL_265,0912450810,Male,2007-04-08
e1d9c670-9bbb-49da-8f68-f71907658677,user_267,user_267@example.com,customer,UserF_266,UserL_266,0912700687,Male,2006-10-11
93b0ce80-ad95-4169-9c62-18f5d89a6f6c,user_268,user_268@example.com,customer,UserF_267,UserL_267,0912951450,Female,2004-05-24
652745a5-c7fc-45e3-842a-2d62cb2565a9,user_269,user_269@example.com,customer,UserF_268,UserL_268,0912620435,Female,2011-02-21
674b032f-8da9-4491-9015-d4177565f390,user_270,user_270@example.com,customer,UserF_269,UserL_269,0912896766,Male,2015-11-06
7d89e19b-0829-47f3-a8d3-6ff19e559dc0,user_271,user_271@example.com,customer,UserF_270,UserL_270,0912767871,Female,2002-11-06
88bfe1a2-5b52-4529-8c82-695b17403017,user_272,user_272@example.com,customer,UserF_271,UserL_271,0912471315,Unisex,2001-04-09
7dea35a1-72df-48f2-92ec-e00de6db5206,user_273,user_273@example.com,customer,UserF_272,UserL_272,0912456254,Unisex,2002-09-04
d392e38c-b9fe-449e-a93e-e61dc63b4b0c,user_274,user_274@example.com,customer,UserF_273,UserL_273,0912143689,Female,1995-01-04
1f46d0e6-14b7-4a55-ad9e-d370cd40924e,user_275,user_275@example.com,customer,UserF_274,UserL_274,0912551533,Unisex,2015-08-08
47bbb7a1-e34a-4baf-9056-be5f2d413614,user_276,user_276@example.com,customer,UserF_275,UserL_275,0912976527,Female,2009-09-02
e032bc44-f690-44dc-97cb-85f90ab8480e,user_277,user_277@example.com,customer,UserF_276,UserL_276,0912365618,Unisex,1998-01-30
84ce24b5-cbea-4328-be1d-f06efbcba5d1,user_278,user_278@example.com,customer,UserF_277,UserL_277,0912265596,Unisex,2006-11-02
2ff5accc-b699-48ee-b629-adf58f766f5e,user_279,user_279@example.com,customer,UserF_278,UserL_278,0912644709,Male,2013-07-20
3d5fd344-a01e-412e-be24-3c0738ddcd89,user_280,user_280@example.com,customer,UserF_279,UserL_279,0912566308,Unisex,2006-04-11
04852e3d-fb7f-4811-ad52-843e0fca387e,user_281,user_281@example.com,customer,UserF_280,UserL_280,0912153729,Female,2004-09-05
42e81c5b-f96d-42ca-ac56-5ea36ee3ee4e,user_282,user_282@example.com,customer,UserF_281,UserL_281,0912636310,Female,2005-09-04
59bf8bd0-5b4b-442e-8d04-493f5fb798f7,user_283,user_283@example.com,customer,UserF_282,UserL_282,0912112881,Unisex,1999-10-31
526bc625-422d-4153-a345-f29c34303e48,user_284,user_284@example.com,customer,UserF_283,UserL_283,0912437983,Male,2015-10-09
c88abad4-e33b-4511-aa42-0cb918a29682,user_285,user_285@example.com,customer,UserF_284,UserL_284,0912524567,Male,1998-03-16
485302e4-e128-48b7-9694-8d5cf09e9fe0,user_286,user_286@example.com,customer,UserF_285,UserL_285,0912136515,Female,2014-02-25
c2793b61-5339-40d4-90c6-342dc80991b1,user_287,user_287@example.com,customer,UserF_286,UserL_286,0912288577,Unisex,1997-06-18
7b87680b-d3a5-481e-a21e-251f44bddfc0,user_288,user_288@example.com,customer,UserF_287,UserL_287,0912523548,Male,1995-06-17
6330f923-08ee-457c-810b-8412190e5582,user_289,user_289@example.com,customer,UserF_288,UserL_288,0912669206,Female,1997-05-19
1d3f2e3e-539c-4443-bda9-fad7ee4b486c,user_290,user_290@example.com,customer,UserF_289,UserL_289,0912630321,Unisex,2010-03-16
5ef5aa20-043b-40c0-85d0-3dfa367ac9ae,user_291,user_291@example.com,customer,UserF_290,UserL_290,0912326854,Male,2003-12-12
5fdaccbb-fcf1-4ea5-9a09-4d58c795d17f,user_292,user_292@example.com,customer,UserF_291,UserL_291,0912918352,Female,2011-08-28
cef21ba6-d1cd-44ec-a728-f856ac28622f,user_293,user_293@example.com,customer,UserF_292,UserL_292,0912340155,Male,1997-08-07
5765bd1e-2a94-4ce6-afef-4d18f099d845,user_294,user_294@example.com,customer,UserF_293,UserL_293,0912843299,Unisex,2015-01-03
d7e96462-e9ca-4904-b46f-9a70d31a0845,user_295,user_295@example.com,customer,UserF_294,UserL_294,0912532386,Male,1990-06-13
55a3da1a-cb31-486c-af23-922d54ec738e,user_296,user_296@example.com,customer,UserF_295,UserL_295,0912216554,Unisex,2013-10-13
2c174d11-4487-49d3-b4f9-9ffb0be697ac,user_297,user_297@example.com,customer,UserF_296,UserL_296,0912784477,Male,1995-10-06
3b0603bf-31ce-41c6-a084-7f42cfd2cbfb,user_298,user_298@example.com,customer,UserF_297,UserL_297,0912640036,Male,1991-12-02
752d8725-41cd-4d8b-a4ba-a4265abc80ec,user_299,user_299@example.com,customer,UserF_298,UserL_298,0912305023,Male,2011-11-22
8734f6bb-792c-4f39-b4f1-3142f0d4d60b,user_300,user_300@example.com,customer,UserF_299,UserL_299,0912410835,Unisex,2010-07-03
2c68d301-cf08-46ea-8b04-3370273224eb,user_301,user_301@example.com,customer,UserF_300,UserL_300,0912218224,Unisex,2006-07-31
5a307991-a742-46e5-aef5-14e5ff12b76c,user_302,user_302@example.com,customer,UserF_301,UserL_301,0912234040,Female,2011-09-12
7d6a6a9c-0bd0-46b8-b728-735c0b7b7702,user_303,user_303@example.com,customer,UserF_302,UserL_302,0912775827,Female,2005-06-12
f204e7b3-4f93-4cbc-abf6-79f6fa9a9936,user_304,user_304@example.com,customer,UserF_303,UserL_303,0912606948,Unisex,2014-11-27
e4b8f92d-f8d1-4839-bfe6-ad2fe955018d,user_305,user_305@example.com,customer,UserF_304,UserL_304,0912250317,Female,2011-11-22
bb88f49b-2051-4a6a-a0b4-4d1a537557dc,user_306,user_306@example.com,customer,UserF_305,UserL_305,0912105375,Male,1995-02-21
9b1cfc8e-d5c5-4d5b-9ff5-0f1cb91ff2ad,user_307,user_307@example.com,customer,UserF_306,UserL_306,0912396204,Unisex,1999-11-11
b14c1e72-bfce-43b9-886c-0f52ec576c14,user_308,user_308@example.com,customer,UserF_307,UserL_307,0912503881,Male,1992-11-23
6948d856-a8f8-4672-b3d5-13fee0e12c69,user_309,user_309@example.com,customer,UserF_308,UserL_308,0912961817,Male,1994-06-13
aa7b901a-b507-4f77-b0a9-db28e63d8328,user_310,user_310@example.com,customer,UserF_309,UserL_309,0912819690,Male,1998-02-24
a5c819cc-385e-42ec-aafe-f89399338b95,user_311,user_311@example.com,customer,UserF_310,UserL_310,0912386830,Male,1997-02-11
c8a7812d-0dad-4bca-b8bc-d1bb16b5ebfe,user_312,user_312@example.com,customer,UserF_311,UserL_311,0912587259,Female,2009-09-09
3872d267-0a73-4709-bfeb-dd5f269a2fc6,user_313,user_313@example.com,customer,UserF_312,UserL_312,0912347301,Male,2008-04-14
d1d25f67-ec4d-4741-912e-27caa9655580,user_314,user_314@example.com,customer,UserF_313,UserL_313,0912642028,Male,1990-06-03
afad71dc-49db-43ca-813e-466393ad819f,user_315,user_315@example.com,customer,UserF_314,UserL_314,0912609124,Unisex,2008-12-05
6d63114e-2bee-4227-be91-32f7f0daee1a,user_316,user_316@example.com,customer,UserF_315,UserL_315,0912392254,Unisex,2010-03-14
4dab111e-1b35-4f53-affa-d9e581781307,user_317,user_317@example.com,customer,UserF_316,UserL_316,0912470860,Male,1994-04-01
57790a2a-cc5f-4dbb-970a-379a8ce20f18,user_318,user_318@example.com,customer,UserF_317,UserL_317,0912950355,Unisex,1998-05-29
a993abf0-3da1-4335-91a7-6f340bbae22b,user_319,user_319@example.com,customer,UserF_318,UserL_318,0912397462,Female,2008-04-09
480545ac-2b3d-44ae-95b8-f2a47648e380,user_320,user_320@example.com,customer,UserF_319,UserL_319,0912712543,Female,1991-01-16
5308b58c-1bb1-4614-93db-839d8ccc3466,user_321,user_321@example.com,customer,UserF_320,UserL_320,0912262184,Female,2014-04-22
31689133-5170-407b-8ff0-d2dc753df348,user_322,user_322@example.com,customer,UserF_321,UserL_321,0912490815,Male,2012-10-09
76d1e234-1099-4a72-895a-b9097b198a5f,user_323,user_323@example.com,customer,UserF_322,UserL_322,0912135407,Male,2016-02-16
d1b983f9-d01e-4d83-944a-a5cd7dc09744,user_324,user_324@example.com,customer,UserF_323,UserL_323,0912482082,Male,1998-07-04
6e40bf24-5f62-4fc7-b09a-ac5bf0c1e8dc,user_325,user_325@example.com,customer,UserF_324,UserL_324,0912399687,Female,2014-04-17
f81ea661-8784-4da9-bc72-d154e6115c43,user_326,user_326@example.com,customer,UserF_325,UserL_325,0912783751,Unisex,2013-11-08
625c3af8-46eb-4238-98fb-6c3e9d6c7b80,user_327,user_327@example.com,customer,UserF_326,UserL_326,0912144992,Male,1990-08-25
dfa9d03e-336d-4f8f-a902-207ba458528f,user_328,user_328@example.com,customer,UserF_327,UserL_327,0912847228,Male,2008-03-31
e69c19f4-b5a5-4dea-86ee-c2808486140f,user_329,user_329@example.com,customer,UserF_328,UserL_328,0912429604,Male,2000-10-14
f54ff5d2-ec7c-45f6-96ed-e3dc1dc0981a,user_330,user_330@example.com,customer,UserF_329,UserL_329,0912722311,Female,2010-12-10
c1af0d87-9662-4171-9b74-665acd05173d,user_331,user_331@example.com,customer,UserF_330,UserL_330,0912517013,Male,2014-07-20
f1d9e50c-e732-4c57-81c0-c67b2eeec786,user_332,user_332@example.com,customer,UserF_331,UserL_331,0912858987,Female,2000-05-20
dd764748-4e6d-4521-bb47-726fc0ce7045,user_333,user_333@example.com,customer,UserF_332,UserL_332,0912641321,Unisex,2001-01-06
6916d540-f2f9-463e-8692-b36c1e682427,user_334,user_334@example.com,customer,UserF_333,UserL_333,0912167925,Male,2013-09-14
9f5c574d-4659-4d7f-9bd2-49a4636a2f4f,user_335,user_335@example.com,customer,UserF_334,UserL_334,0912443297,Female,2016-01-19
3ac413f3-c6a9-4c49-abf8-5c67e516ebfe,user_336,user_336@example.com,customer,UserF_335,UserL_335,0912701534,Female,1996-05-29
21b8a39c-83a5-4dbb-bf5d-61bba1996495,user_337,user_337@example.com,customer,UserF_336,UserL_336,0912394715,Male,1991-01-27
528262e0-a90c-42cb-808a-a8c097c7a32c,user_338,user_338@example.com,customer,UserF_337,UserL_337,0912982955,Unisex,2005-07-11
7305557d-1175-41ae-ad62-1157db8a7cef,user_339,user_339@example.com,customer,UserF_338,UserL_338,0912538510,Male,2012-02-28
0774995c-bc16-4a96-b7e1-008ed5f87979,user_340,user_340@example.com,customer,UserF_339,UserL_339,0912947553,Male,1995-02-02
c5975478-8cfd-4388-a574-b3960fc8fb52,user_341,user_341@example.com,customer,UserF_340,UserL_340,0912731394,Unisex,1994-05-18
40881480-bfbc-4659-9f2d-497bf3b3a069,user_342,user_342@example.com,customer,UserF_341,UserL_341,0912978013,Female,1993-08-20
73476a6e-3ee0-4a69-866b-0be43a28827a,user_343,user_343@example.com,customer,UserF_342,UserL_342,0912198790,Male,2003-02-07
6a127ef8-aaf7-4151-b850-b584fed7cc85,user_344,user_344@example.com,customer,UserF_343,UserL_343,0912318539,Female,1993-12-18
a1bd17c7-6329-42f4-8149-ffabecad3bd2,user_345,user_345@example.com,customer,UserF_344,UserL_344,0912618037,Female,2013-06-18
0fe7bd8a-ba7c-4863-97dc-d49ca44b99e0,user_346,user_346@example.com,customer,UserF_345,UserL_345,0912736514,Unisex,1998-07-15
68ca4277-bdc6-4d26-91ce-13f2eb96adba,user_347,user_347@example.com,customer,UserF_346,UserL_346,0912818189,Female,2008-10-14
bfe8c12b-eb04-4d90-af2b-9a39457e2d9a,user_348,user_348@example.com,customer,UserF_347,UserL_347,0912865111,Unisex,2006-09-18
d286bc65-56d5-4fc6-8b56-17bf6090c2c1,user_349,user_349@example.com,customer,UserF_348,UserL_348,0912297695,Female,2016-07-02
b200cb5b-37a3-4134-a62f-ded1a2f684e0,user_350,user_350@example.com,customer,UserF_349,UserL_349,0912195575,Female,1992-02-19
9b9d4e39-1d47-459c-95a6-423aba1b53d8,user_351,user_351@example.com,customer,UserF_350,UserL_350,0912113533,Female,1996-11-28
3a9dd842-05ba-4a34-929b-350e6f0f4dc8,user_352,user_352@example.com,customer,UserF_351,UserL_351,0912754003,Male,2004-10-05
d0dd6761-d808-4eaa-bc91-66ffd6751b7b,user_353,user_353@example.com,customer,UserF_352,UserL_352,0912660006,Male,2000-03-14
d192ac11-0b94-4762-8ac9-b4ba90442271,user_354,user_354@example.com,customer,UserF_353,UserL_353,0912228164,Unisex,1994-12-08
b0a1b565-d6c1-4346-a929-d24ffae454df,user_355,user_355@example.com,customer,UserF_354,UserL_354,0912627169,Female,2013-02-22
87ffebee-d00b-48bd-b3cf-5f7dcbe76aee,user_356,user_356@example.com,customer,UserF_355,UserL_355,0912136002,Unisex,1999-09-01
a0eca464-63af-4777-ac9c-139f7e39ea60,user_357,user_357@example.com,customer,UserF_356,UserL_356,0912359338,Male,2008-04-29
0e8cb496-c45a-4062-896c-99353b70b4d1,user_358,user_358@example.com,customer,UserF_357,UserL_357,0912597255,Unisex,2015-12-25
ce44c740-495e-4ea2-a780-3d962710ded4,user_359,user_359@example.com,customer,UserF_358,UserL_358,0912528522,Unisex,1998-09-16
3e49c5b0-0917-49c9-ac3b-7b8c849e7551,user_360,user_360@example.com,customer,UserF_359,UserL_359,0912265829,Female,1991-12-14
0446878e-dbae-417d-b0c9-95cf4fe94724,user_361,user_361@example.com,customer,UserF_360,UserL_360,0912214695,Female,2012-09-04
91b5199f-fc00-49f6-bb87-1fcfd28937ec,user_362,user_362@example.com,customer,UserF_361,UserL_361,0912968797,Male,2000-07-08
9f948724-6379-48ee-8295-de0e0d378c1a,user_363,user_363@example.com,customer,UserF_362,UserL_362,0912309167,Unisex,2008-10-08
22668c25-c404-4011-9582-b6310f3f4af9,user_364,user_364@example.com,customer,UserF_363,UserL_363,0912162337,Female,2012-10-31
609c1802-3309-4348-bd6b-a1fe0fe01935,user_365,user_365@example.com,customer,UserF_364,UserL_364,0912510910,Male,1999-11-27
1d7caa66-17cb-4a4d-92ae-7742debfbd32,user_366,user_366@example.com,customer,UserF_365,UserL_365,0912614078,Female,2003-04-07
7d97fb71-797d-493c-ada2-bde6536998f9,user_367,user_367@example.com,customer,UserF_366,UserL_366,0912898775,Male,2000-04-20
1aa0541d-4a10-4d1c-b0d8-ccc019582796,user_368,user_368@example.com,customer,UserF_367,UserL_367,0912548522,Unisex,2004-09-02
0923f6e2-7f03-48c3-8c62-aa3c43ba2f33,user_369,user_369@example.com,customer,UserF_368,UserL_368,0912814235,Male,2005-06-21
8e659426-2daa-45d5-a26c-16e830ebada3,user_370,user_370@example.com,customer,UserF_369,UserL_369,0912800611,Unisex,2010-08-11
003a4b79-15c8-44c8-bdaa-d0a1cbce3630,user_371,user_371@example.com,customer,UserF_370,UserL_370,0912517758,Female,2000-08-04
1e861698-ba7d-4fd7-b852-10a5e66c5ec2,user_372,user_372@example.com,customer,UserF_371,UserL_371,0912166959,Unisex,1991-07-14
9e52317c-fb8f-4e0b-987b-4c049cf2af9c,user_373,user_373@example.com,customer,UserF_372,UserL_372,0912412309,Female,2001-07-16
f92830ac-cdfd-454c-8c39-7947760fc1e4,user_374,user_374@example.com,customer,UserF_373,UserL_373,0912347635,Male,1996-12-06
da91e653-3fcf-42f7-aebb-c2699fadaf70,user_375,user_375@example.com,customer,UserF_374,UserL_374,0912450709,Unisex,2012-03-03
98a156a9-b751-4ba6-b54e-fc3c8bad49b2,user_376,user_376@example.com,customer,UserF_375,UserL_375,0912328517,Unisex,1999-02-09
b617fd16-b2fd-4854-96b8-7d2ff8435f11,user_377,user_377@example.com,customer,UserF_376,UserL_376,0912835675,Male,1995-01-03
d6105435-bee2-409e-9f94-4a9742faa0eb,user_378,user_378@example.com,customer,UserF_377,UserL_377,0912367920,Unisex,1999-04-20
27a071dc-aee9-4c95-a0e2-e824131a8aac,user_379,user_379@example.com,customer,UserF_378,UserL_378,0912820474,Male,1992-12-29
c8a033a8-d2ca-4477-ac3f-e3cfb79a1823,user_380,user_380@example.com,customer,UserF_379,UserL_379,0912255083,Female,1995-06-13
bed486d4-c8eb-4a6b-96b3-0e356c656007,user_381,user_381@example.com,customer,UserF_380,UserL_380,0912551653,Male,2008-10-01
5321a2ed-e0e5-4246-8464-8a3bfbf41ce7,user_382,user_382@example.com,customer,UserF_381,UserL_381,0912744188,Unisex,2001-09-03
43074cbf-b09f-4069-956c-c9ed2c287bd9,user_383,user_383@example.com,customer,UserF_382,UserL_382,0912659880,Male,1992-10-25
2ea0c3b6-79dc-4ab5-a83e-26b68ac38285,user_384,user_384@example.com,customer,UserF_383,UserL_383,0912297122,Unisex,1995-01-20
9c08b759-3d89-4949-9709-c9176218d5ab,user_385,user_385@example.com,customer,UserF_384,UserL_384,0912824175,Female,2006-02-15
80c050fa-5057-4a3d-9246-6119ca16025c,user_386,user_386@example.com,customer,UserF_385,UserL_385,0912426046,Male,1995-01-19
420e58aa-4a3e-471f-bcfa-7745a4f238c2,user_387,user_387@example.com,customer,UserF_386,UserL_386,0912814273,Unisex,2009-08-26
f8a7786d-5fce-40b2-a236-740730dc322e,user_388,user_388@example.com,customer,UserF_387,UserL_387,0912772103,Male,1994-09-30
5c768e1e-2b81-42e2-bf25-514b19142f50,user_389,user_389@example.com,customer,UserF_388,UserL_388,0912288347,Female,2010-05-05
4ad008c6-7d0b-4054-9dbf-82d90c1783c3,user_390,user_390@example.com,customer,UserF_389,UserL_389,0912321413,Male,1995-09-01
ffcf36ad-cac7-4fd4-800d-4e73ab20556a,user_391,user_391@example.com,customer,UserF_390,UserL_390,0912387676,Unisex,2008-09-22
1e84b649-3634-47c5-a2a1-6ec5ac528935,user_392,user_392@example.com,customer,UserF_391,UserL_391,0912555990,Female,1994-10-27
07768221-12aa-4976-a89c-7438be9b2c71,user_393,user_393@example.com,customer,UserF_392,UserL_392,0912423470,Unisex,2012-11-16
674bea7d-2b63-4f3b-97a3-8da4def4af2c,user_394,user_394@example.com,customer,UserF_393,UserL_393,0912631552,Female,2006-09-08
403b780c-eb52-4934-a1cc-44d1a4fcc6b4,user_395,user_395@example.com,customer,UserF_394,UserL_394,0912594810,Male,1996-02-10
f9e48ee0-3152-4fff-b809-b74de63fea16,user_396,user_396@example.com,customer,UserF_395,UserL_395,0912832348,Female,1994-04-27
ff038647-fce3-47d2-8581-6fdd6cf1a5af,user_397,user_397@example.com,customer,UserF_396,UserL_396,0912516844,Male,1994-11-01
35f7a1bb-82d9-44be-8c74-7d328641f38b,user_398,user_398@example.com,customer,UserF_397,UserL_397,0912479539,Unisex,2006-04-11
b1f783f4-7c86-4a47-b87e-fbc3f664a1e9,user_399,user_399@example.com,customer,UserF_398,UserL_398,0912604658,Male,2010-11-15
bc08339d-c41a-489c-8f8b-3c480a2c5e4c,user_400,user_400@example.com,customer,UserF_399,UserL_399,0912356371,Female,2016-07-18
8a2aff3e-5917-46bf-aada-cd1a2a8ca345,user_401,user_401@example.com,customer,UserF_400,UserL_400,0912474634,Female,2005-03-16
92aa5953-80c9-4c77-84d8-41da5c3500e9,user_402,user_402@example.com,customer,UserF_401,UserL_401,0912381197,Female,2014-03-03
25549214-ffdb-499f-b8be-23cd4708642a,user_403,user_403@example.com,customer,UserF_402,UserL_402,0912266684,Female,1999-04-05
efd2b872-63db-462d-9670-b61f7153e50c,user_404,user_404@example.com,customer,UserF_403,UserL_403,0912893093,Unisex,1997-03-20
5ac18c4c-4871-4308-bd1b-b3ec54856072,user_405,user_405@example.com,customer,UserF_404,UserL_404,0912723007,Unisex,1992-10-03
9d241d86-0127-4459-bf77-44359829d510,user_406,user_406@example.com,customer,UserF_405,UserL_405,0912254117,Male,2010-06-17
5c4f3790-4186-4009-87fc-00943a5b7484,user_407,user_407@example.com,customer,UserF_406,UserL_406,0912244334,Unisex,1992-09-07
369a4442-523c-431f-9e90-e4c3d318fad9,user_408,user_408@example.com,customer,UserF_407,UserL_407,0912108755,Female,1995-11-17
55fada10-1975-474f-ae11-4912e41982b0,user_409,user_409@example.com,customer,UserF_408,UserL_408,0912967049,Female,1994-08-13
f490a9ca-5dcd-4fa8-8038-50147d03361c,user_410,user_410@example.com,customer,UserF_409,UserL_409,0912382301,Unisex,1997-06-07
a9a41538-fa0a-4547-b341-523d79b08eab,user_411,user_411@example.com,customer,UserF_410,UserL_410,0912735761,Unisex,1992-03-28
25739977-4078-4b14-aa16-3525aaea1895,user_412,user_412@example.com,customer,UserF_411,UserL_411,0912854958,Male,2017-04-06
32dd58de-6a66-42bf-ac04-4f85eebbe351,user_413,user_413@example.com,customer,UserF_412,UserL_412,0912854015,Male,2012-03-11
b9e85866-41ad-4004-a807-f4832cb9c4ae,user_414,user_414@example.com,customer,UserF_413,UserL_413,0912387544,Female,1994-06-05
3b07436c-1292-4e18-897b-fd1366029f27,user_415,user_415@example.com,customer,UserF_414,UserL_414,0912382904,Female,2010-09-10
454b7e5c-9399-485b-9fa8-86677983f2a7,user_416,user_416@example.com,customer,UserF_415,UserL_415,0912777641,Male,2000-06-29
4559cdde-7098-4110-aaa7-20605034cb6b,user_417,user_417@example.com,customer,UserF_416,UserL_416,0912334521,Female,2010-08-30
2168802c-b0ae-42bb-8d14-0d3cfffd82fc,user_418,user_418@example.com,customer,UserF_417,UserL_417,0912901249,Female,2002-01-25
11afba2c-9869-4fd9-a0aa-83f2f4b0708c,user_419,user_419@example.com,customer,UserF_418,UserL_418,0912369620,Male,1992-01-08
1b11dc9c-4fc7-489e-bc62-61467edaaa1e,user_420,user_420@example.com,customer,UserF_419,UserL_419,0912233742,Male,2013-07-02
780b9f52-a68f-4fed-8fcf-e069149e8feb,user_421,user_421@example.com,customer,UserF_420,UserL_420,0912980286,Female,2016-03-19
7f781ca3-d0d0-48a0-907f-a3196725589a,user_422,user_422@example.com,customer,UserF_421,UserL_421,0912639514,Female,2006-06-06
6a934c59-f3a4-43e7-a905-7715c8576e2a,user_423,user_423@example.com,customer,UserF_422,UserL_422,0912750253,Female,2004-06-18
4f323545-bbf2-4d03-82dc-8496686a7cfd,user_424,user_424@example.com,customer,UserF_423,UserL_423,0912499858,Female,2012-02-07
5220f591-02f8-4f5d-9cf9-783e76e205a4,user_425,user_425@example.com,customer,UserF_424,UserL_424,0912352742,Female,2007-11-04
0fddb86f-fc88-4853-891f-3675f7a3b53c,user_426,user_426@example.com,customer,UserF_425,UserL_425,0912324146,Female,2006-07-19
22829b0f-5bef-4757-b0a5-53586a579d68,user_427,user_427@example.com,customer,UserF_426,UserL_426,0912364312,Male,1998-06-08
6781f199-d96e-4c37-a11b-e219c825c9b6,user_428,user_428@example.com,customer,UserF_427,UserL_427,0912260254,Unisex,1997-12-03
cf41b1f5-72ed-4337-98ee-99e4cf05efe0,user_429,user_429@example.com,customer,UserF_428,UserL_428,0912773353,Unisex,1993-06-27
1021f4dc-4055-42fb-a3b9-7a04ab8f54b8,user_430,user_430@example.com,customer,UserF_429,UserL_429,0912484472,Unisex,1998-10-15
52d4d6ac-05e4-46ae-8be4-1f095a10d990,user_431,user_431@example.com,customer,UserF_430,UserL_430,0912339210,Unisex,2015-03-13
0dba8537-a05f-459f-b328-fd4492bba4a6,user_432,user_432@example.com,customer,UserF_431,UserL_431,0912761736,Male,1990-11-16
1c3af610-c590-4ec9-85db-1eec55cc68e5,user_433,user_433@example.com,customer,UserF_432,UserL_432,0912595147,Unisex,1999-09-18
1f10b090-f53a-45d8-bc55-c45bad26599a,user_434,user_434@example.com,customer,UserF_433,UserL_433,0912787075,Unisex,2002-05-11
9e19156e-764c-4d4e-9629-7ed1df9e72a7,user_435,user_435@example.com,customer,UserF_434,UserL_434,0912143123,Unisex,2002-04-23
f07675fa-b70e-4089-a5df-01a280e3ff83,user_436,user_436@example.com,customer,UserF_435,UserL_435,0912104608,Female,2016-05-28
4d0ef0e0-4859-4347-9c1d-978948f68d94,user_437,user_437@example.com,customer,UserF_436,UserL_436,0912429558,Unisex,2009-09-22
09681c10-8d28-464d-80bf-292723b8ddbe,user_438,user_438@example.com,customer,UserF_437,UserL_437,0912908287,Male,2016-09-09
c0ff03f0-4c25-4cf0-8272-f8739dd487b1,user_439,user_439@example.com,customer,UserF_438,UserL_438,0912479525,Female,1994-06-02
74113db0-869f-4553-b1ad-e833af17f714,user_440,user_440@example.com,customer,UserF_439,UserL_439,0912217604,Male,2012-06-04
12d74d81-4570-4fbb-98a2-8a73690a41d8,user_441,user_441@example.com,customer,UserF_440,UserL_440,0912540878,Female,1998-08-02
344000e2-23af-4d16-aa28-87987269a692,user_442,user_442@example.com,customer,UserF_441,UserL_441,0912667342,Male,2014-05-07
71432d37-1e15-445d-a350-a890f28a690d,user_443,user_443@example.com,customer,UserF_442,UserL_442,0912222467,Female,2009-04-17
6cec7644-56d4-4bb7-9ffb-d1bdcc965989,user_444,user_444@example.com,customer,UserF_443,UserL_443,0912161067,Male,2016-02-26
cc055605-9e0a-40a7-af26-c41a1217a1b9,user_445,user_445@example.com,customer,UserF_444,UserL_444,0912222825,Male,1990-01-19
320b77a5-bb11-442e-873b-3c37d79a4a2b,user_446,user_446@example.com,customer,UserF_445,UserL_445,0912876393,Unisex,2007-12-21
85c0ba12-587c-451f-af5f-d42200088a15,user_447,user_447@example.com,customer,UserF_446,UserL_446,0912884513,Unisex,1997-11-07
52a33b03-ea5d-4763-8de2-471a48cd3078,user_448,user_448@example.com,customer,UserF_447,UserL_447,0912551891,Female,2013-01-01
32e6f1bb-9f4d-4658-9848-51138e849a83,user_449,user_449@example.com,customer,UserF_448,UserL_448,0912336925,Male,2003-10-12
4a8458b8-5d17-498f-8c45-5a3be42d9428,user_450,user_450@example.com,customer,UserF_449,UserL_449,0912997909,Male,2014-07-18
d6ce548b-1e4c-467d-9bb1-d68c8d7bdcdb,user_451,user_451@example.com,customer,UserF_450,UserL_450,0912144580,Unisex,2007-08-27
13723c06-214d-494d-9f84-d976aadb3d87,user_452,user_452@example.com,customer,UserF_451,UserL_451,0912711499,Male,1992-09-25
000a7d7a-07a0-4db0-a92e-7709d24fbea3,user_453,user_453@example.com,customer,UserF_452,UserL_452,0912784328,Male,2008-09-01
5d0f8208-0d9d-449c-8bb7-992bdeda9581,user_454,user_454@example.com,customer,UserF_453,UserL_453,0912809016,Female,1999-01-08
5135a681-5545-4c46-956c-a9f3cd1d9e8d,user_455,user_455@example.com,customer,UserF_454,UserL_454,0912175335,Male,1995-10-13
ae897921-2146-442f-aba8-51e00511a844,user_456,user_456@example.com,customer,UserF_455,UserL_455,0912808222,Male,2013-09-16
7aa7791d-4241-48a6-8d13-11271df5843b,user_457,user_457@example.com,customer,UserF_456,UserL_456,0912860999,Female,2010-10-02
e2bfcc01-e6b3-4f52-94b0-dbcd296da5a6,user_458,user_458@example.com,customer,UserF_457,UserL_457,0912390969,Unisex,2011-12-23
70699908-2660-4959-9b2d-e49d5149b5cf,user_459,user_459@example.com,customer,UserF_458,UserL_458,0912319292,Unisex,2005-08-28
23c9f6fe-b13c-444e-af06-0b1a647c333b,user_460,user_460@example.com,customer,UserF_459,UserL_459,0912577743,Female,1992-10-23
3d8356e5-110a-4b9b-8416-606783c8b02f,user_461,user_461@example.com,customer,UserF_460,UserL_460,0912237141,Male,2003-12-17
b0e9d4c6-4d13-44ce-9118-cc75b32aabb2,user_462,user_462@example.com,customer,UserF_461,UserL_461,0912218750,Unisex,1993-10-26
071f0b36-c1de-4cde-9bdf-d992c5caa2d0,user_463,user_463@example.com,customer,UserF_462,UserL_462,0912537508,Male,2002-05-22
2e62f4cc-228d-416a-bce1-16b3a8af776b,user_464,user_464@example.com,customer,UserF_463,UserL_463,0912847394,Male,1999-11-13
e6f4537b-18ac-4d94-a013-595c93935e46,user_465,user_465@example.com,customer,UserF_464,UserL_464,0912698984,Unisex,1994-12-23
7bbc458a-d09d-4496-9910-c60f78efda9d,user_466,user_466@example.com,customer,UserF_465,UserL_465,0912582981,Male,1997-07-02
8ed97fba-8f49-40bc-af27-d7d3aa73f3e9,user_467,user_467@example.com,customer,UserF_466,UserL_466,0912140111,Female,2015-06-01
81b8d23e-615f-4be2-a11e-a1d0fb7b2201,user_468,user_468@example.com,customer,UserF_467,UserL_467,0912226084,Unisex,2012-12-08
3235c5c6-49e4-45d4-8c0c-084172159a14,user_469,user_469@example.com,customer,UserF_468,UserL_468,0912144829,Unisex,1996-11-18
a1f7aea8-7277-4f5c-95f4-fa746202ad07,user_470,user_470@example.com,customer,UserF_469,UserL_469,0912231676,Female,2003-10-20
cef782fe-82e2-41fd-b0e1-521a8231c59c,user_471,user_471@example.com,customer,UserF_470,UserL_470,0912717168,Female,2011-12-03
79bab5b2-4fe1-4975-b152-c0852cae8941,user_472,user_472@example.com,customer,UserF_471,UserL_471,0912434123,Unisex,2008-12-31
9ea906d0-9f9f-4f9c-80aa-ec83c85c0bce,user_473,user_473@example.com,customer,UserF_472,UserL_472,0912799626,Female,2000-08-22
24267a51-fc39-4404-b271-9053349453e2,user_474,user_474@example.com,customer,UserF_473,UserL_473,0912116488,Female,2007-02-01
e87d98f2-145e-489e-97ab-163a72e107a8,user_475,user_475@example.com,customer,UserF_474,UserL_474,0912935531,Female,2008-10-29
5fdaa135-a12a-4de0-bfd2-0d751704d76d,user_476,user_476@example.com,customer,UserF_475,UserL_475,0912708670,Female,2005-03-27
ca05bebc-023d-47ef-b1b4-4a4bd3e7c90f,user_477,user_477@example.com,customer,UserF_476,UserL_476,0912820133,Unisex,1996-02-01
4cb882a6-a896-4f8f-ba8f-4dcf2d8cc811,user_478,user_478@example.com,customer,UserF_477,UserL_477,0912112167,Unisex,2003-08-20
347d8cfb-eaac-4178-b64d-a36a5793f46d,user_479,user_479@example.com,customer,UserF_478,UserL_478,0912516600,Unisex,1996-12-17
c93579ba-162d-4f6c-bb89-a003d336ac7a,user_480,user_480@example.com,customer,UserF_479,UserL_479,0912537104,Female,2011-11-09
2e425a13-6ea6-4167-9065-3463dceea943,user_481,user_481@example.com,customer,UserF_480,UserL_480,0912158043,Male,1998-10-19
db41ef9e-4235-4fdc-afe2-abe478ae6ae6,user_482,user_482@example.com,customer,UserF_481,UserL_481,0912221298,Female,2004-07-15
d85fb35b-3b4b-466d-bb8e-de94780d4bae,user_483,user_483@example.com,customer,UserF_482,UserL_482,0912610554,Male,1995-04-05
b724768d-9c5d-4244-885a-c25d54e9265f,user_484,user_484@example.com,customer,UserF_483,UserL_483,0912533088,Female,1994-11-11
b552b685-1280-4295-ae93-592542663742,user_485,user_485@example.com,customer,UserF_484,UserL_484,0912772580,Male,2011-09-16
1bd3e880-90a8-4c5b-857f-2b35f97bfba7,user_486,user_486@example.com,customer,UserF_485,UserL_485,0912740681,Unisex,2002-10-21
93f21f63-e76e-4103-989f-a596f60420b9,user_487,user_487@example.com,customer,UserF_486,UserL_486,0912939697,Female,2010-11-25
19b117ef-995f-4f66-822e-1c7d58f12597,user_488,user_488@example.com,customer,UserF_487,UserL_487,0912204223,Female,2009-04-22
6fa131f7-4ef3-4e87-8266-12d646137db2,user_489,user_489@example.com,customer,UserF_488,UserL_488,0912681470,Male,2003-08-09
df80ee01-0a0d-483a-b202-c34a619aab0a,user_490,user_490@example.com,customer,UserF_489,UserL_489,0912837611,Female,2014-12-14
b2e5e3ce-ee37-4d69-b840-5854d74269ce,user_491,user_491@example.com,customer,UserF_490,UserL_490,0912249274,Female,2011-03-26
cb0881ef-2c42-4c50-ac0a-7cace66c0105,user_492,user_492@example.com,customer,UserF_491,UserL_491,0912211565,Unisex,2005-08-28
1f622eb7-cb79-4628-8d3f-24c1c54a5282,user_493,user_493@example.com,customer,UserF_492,UserL_492,0912761613,Female,2009-06-13
b04882af-112c-4938-934a-d72cb71ec409,user_494,user_494@example.com,customer,UserF_493,UserL_493,0912451136,Male,2015-04-04
a5238331-0388-4334-9bc4-6cfcb65e72da,user_495,user_495@example.com,customer,UserF_494,UserL_494,0912237639,Male,2011-01-07
2a215695-449d-4c93-a8ce-1891f07e086a,user_496,user_496@example.com,customer,UserF_495,UserL_495,0912429314,Unisex,2014-08-21
0525359c-60ef-47ae-bc0a-4b64c7af51f6,user_497,user_497@example.com,customer,UserF_496,UserL_496,0912331267,Female,1999-03-19
